Exemple,Algorithme,Nombre d'arÃªtes,Coupe min,Nombre de contractions
1,karger_recursive,227,0,5808
1,karger_improved,227,34,42
1,karger,227,93,21
2,karger_recursive,7,0,48
2,karger_improved,7,2,6
2,karger,7,2,3
3,karger_recursive,0,-1,0
3,karger_improved,0,0,0
3,karger,0,0,0
4,karger_recursive,37,0,600
4,karger_improved,37,13,18
4,karger,37,20,9
5,karger_recursive,209,0,5808
5,karger_improved,209,92,42
5,karger,209,111,21
6,karger_recursive,0,0,0
6,karger_improved,0,0,0
6,karger,0,0,0
7,karger_recursive,102,0,2304
7,karger_improved,102,48,30
7,karger,102,34,15
8,karger_recursive,0,-1,0
8,karger_improved,0,0,0
8,karger,0,0,0
9,karger_recursive,0,0,0
9,karger_improved,0,0,0
9,karger,0,0,0
10,karger_recursive,87,0,1568
10,karger_improved,87,21,26
10,karger,87,43,13
11,karger_recursive,10,0,48
11,karger_improved,10,4,6
11,karger,10,6,3
12,karger_recursive,30,4,400
12,karger_improved,30,6,16
12,karger,30,12,8
13,karger_recursive,21,0,1274
13,karger_improved,21,7,24
13,karger,21,5,12
14,karger_recursive,24,4,280
14,karger_improved,24,8,14
14,karger,24,12,7
15,karger_recursive,162,8,8112
15,karger_improved,162,38,48
15,karger,162,36,24
16,karger_recursive,129,0,5082
16,karger_improved,129,12,40
16,karger,129,56,20
17,karger_recursive,0,-1,0
17,karger_improved,0,0,0
17,karger,0,0,0
18,karger_recursive,33,6,280
18,karger_improved,33,17,14
18,karger,33,17,7
19,karger_recursive,53,0,600
19,karger_improved,53,26,18
19,karger,53,26,9
20,karger_recursive,1,1,0
20,karger_improved,1,1,0
20,karger,1,1,0
21,karger_recursive,111,0,3800
21,karger_improved,111,30,36
21,karger,111,20,18
22,karger_recursive,102,0,2754
22,karger_improved,102,22,32
22,karger,102,36,16
23,karger_recursive,1,0,12
23,karger_improved,1,0,2
23,karger,1,0,1
24,karger_recursive,74,3,8112
24,karger_improved,74,3,48
24,karger,74,5,24
25,karger_recursive,330,19,10192
25,karger_improved,330,126,52
25,karger,330,46,26
26,karger_recursive,182,0,5808
26,karger_improved,182,48,42
26,karger,182,78,21
27,karger_recursive,0,-1,0
27,karger_improved,0,0,0
27,karger,0,0,0
28,karger_recursive,8,0,420
28,karger_improved,8,0,14
28,karger,8,0,7
29,karger_recursive,1,0,8
29,karger_improved,1,0,2
29,karger,1,0,1
30,karger_recursive,170,0,6624
30,karger_improved,170,40,44
30,karger,170,35,22
31,karger_recursive,21,0,5616
31,karger_improved,21,0,36
31,karger,21,0,18
32,karger_recursive,10,0,1280
32,karger_improved,10,0,20
32,karger,10,0,10
33,karger_recursive,95,3,10192
33,karger_improved,95,30,52
33,karger,95,3,26
34,karger_recursive,41,7,400
34,karger_improved,41,19,16
34,karger,41,23,8
35,karger_recursive,179,0,5808
35,karger_improved,179,53,42
35,karger,179,85,21
36,karger_recursive,0,0,0
36,karger_improved,0,0,0
36,karger,0,0,0
37,karger_recursive,13,0,90
37,karger_improved,13,7,8
37,karger,13,8,4
38,karger_recursive,1,0,24
38,karger_improved,1,0,2
38,karger,1,0,1
39,karger_recursive,52,0,5082
39,karger_improved,52,3,40
39,karger,52,13,20
40,karger_recursive,238,15,7176
40,karger_improved,238,22,46
40,karger,238,79,23
41,karger_recursive,63,0,1274
41,karger_improved,63,16,24
41,karger,63,31,12
42,karger_recursive,21,4,192
42,karger_improved,21,5,12
42,karger,21,6,6
43,karger_recursive,17,0,2016
43,karger_improved,17,0,28
43,karger,17,0,14
44,karger_recursive,42,0,3240
44,karger_improved,42,4,34
44,karger,42,2,17
45,karger_recursive,111,3,9100
45,karger_improved,111,6,50
45,karger,111,49,25
46,karger_recursive,51,0,1274
46,karger_improved,51,14,24
46,karger,51,7,12
47,karger_recursive,15,3,120
47,karger_improved,15,3,10
47,karger,15,8,5
48,karger_recursive,259,12,10192
48,karger_improved,259,55,52
48,karger,259,50,26
49,karger_recursive,218,9,11340
49,karger_improved,218,34,54
49,karger,218,14,27
50,karger_recursive,215,0,5808
50,karger_improved,215,61,42
50,karger,215,35,21
51,karger_recursive,30,4,400
51,karger_improved,30,5,16
51,karger,30,9,8
52,karger_recursive,0,-1,0
52,karger_improved,0,0,0
52,karger,0,0,0
53,karger_recursive,234,13,7176
53,karger_improved,234,18,46
53,karger,234,45,23
54,karger_recursive,0,0,0
54,karger_improved,0,0,0
54,karger,0,0,0
55,karger_recursive,226,0,6624
55,karger_improved,226,67,44
55,karger,226,22,22
56,karger_recursive,13,0,1008
56,karger_improved,13,1,22
56,karger,13,1,11
57,karger_recursive,236,10,11340
57,karger_improved,236,57,54
57,karger,236,118,27
58,karger_recursive,99,0,2754
58,karger_improved,99,41,32
58,karger,99,50,16
59,karger_recursive,43,0,600
59,karger_improved,43,12,18
59,karger,43,16,9
60,karger_recursive,126,0,4400
60,karger_improved,126,61,38
60,karger,126,19,19
61,karger_recursive,11,0,90
61,karger_improved,11,4,8
61,karger,11,6,4
62,karger_recursive,42,0,600
62,karger_improved,42,16,18
62,karger,42,15,9
63,karger_recursive,12,0,2904
63,karger_improved,12,0,24
63,karger,12,0,12
64,karger_recursive,4,0,128
64,karger_improved,4,0,8
64,karger,4,0,4
65,karger_recursive,13,0,90
65,karger_improved,13,3,8
65,karger,13,8,4
66,karger_recursive,71,0,1274
66,karger_improved,71,7,24
66,karger,71,18,12
67,karger_recursive,166,0,4400
67,karger_improved,166,76,38
67,karger,166,61,19
68,karger_recursive,45,0,1920
68,karger_improved,45,3,28
68,karger,45,14,14
69,karger_recursive,7,0,1260
69,karger_improved,7,0,14
69,karger,7,0,7
70,karger_recursive,30,0,3240
70,karger_improved,30,1,34
70,karger,30,1,17
71,karger_recursive,7,0,192
71,karger_improved,7,0,12
71,karger,7,0,6
72,karger_recursive,289,15,12600
72,karger_improved,289,140,56
72,karger,289,150,28
73,karger_recursive,54,0,1568
73,karger_improved,54,4,26
73,karger,54,27,13
74,karger_recursive,197,0,5808
74,karger_improved,197,66,42
74,karger,197,14,21
75,karger_recursive,8,1,120
75,karger_improved,8,2,10
75,karger,8,1,5
76,karger_recursive,143,3,12600
76,karger_improved,143,14,56
76,karger,143,6,28
77,karger_recursive,41,0,2754
77,karger_improved,41,16,32
77,karger,41,16,16
78,karger_recursive,345,18,11340
78,karger_improved,345,26,54
78,karger,345,172,27
79,karger_recursive,165,0,4400
79,karger_improved,165,71,38
79,karger,165,61,19
80,karger_recursive,320,18,10192
80,karger_improved,320,23,52
80,karger,320,148,26
81,karger_recursive,40,0,1008
81,karger_improved,40,18,22
81,karger,40,10,11
82,karger_recursive,223,0,6624
82,karger_improved,223,63,44
82,karger,223,76,22
83,karger_recursive,3,0,24
83,karger_improved,3,1,4
83,karger,3,1,2
84,karger_recursive,105,0,1920
84,karger_improved,105,42,28
84,karger,105,52,14
85,karger_recursive,295,19,8112
85,karger_improved,295,121,48
85,karger,295,109,24
86,karger_recursive,0,0,0
86,karger_improved,0,0,0
86,karger,0,0,0
87,karger_recursive,37,6,400
87,karger_improved,37,17,16
87,karger,37,6,8
88,karger_recursive,26,0,600
88,karger_improved,26,11,18
88,karger,26,11,9
89,karger_recursive,135,0,2304
89,karger_improved,135,16,30
89,karger,135,52,15
90,karger_recursive,82,0,1568
90,karger_improved,82,11,26
90,karger,82,33,13
91,karger_recursive,162,0,3800
91,karger_improved,162,75,36
91,karger,162,83,18
92,karger_recursive,62,1,9100
92,karger_improved,62,4,50
92,karger,62,1,25
93,karger_recursive,3,0,24
93,karger_improved,3,1,4
93,karger,3,1,2
94,karger_recursive,299,18,10192
94,karger_improved,299,117,52
94,karger,299,57,26
95,karger_recursive,169,0,5082
95,karger_improved,169,14,40
95,karger,169,44,20
96,karger_recursive,0,0,0
96,karger_improved,0,0,0
96,karger,0,0,0
97,karger_recursive,8,1,120
97,karger_improved,8,2,10
97,karger,8,1,5
98,karger_recursive,35,0,11700
98,karger_improved,35,0,52
98,karger,35,0,26
99,karger_recursive,18,0,4488
99,karger_improved,18,0,34
99,karger,18,0,17
100,karger_recursive,49,0,2754
100,karger_improved,49,15,32
100,karger,49,4,16
101,karger_recursive,31,4,400
101,karger_improved,31,14,16
101,karger,31,15,8
102,karger_recursive,48,0,1274
102,karger_improved,48,22,24
102,karger,48,16,12
103,karger_recursive,25,5,192
103,karger_improved,25,13,12
103,karger,25,13,6
104,karger_recursive,84,0,6624
104,karger_improved,84,8,44
104,karger,84,3,22
105,karger_recursive,40,0,600
105,karger_improved,40,6,18
105,karger,40,13,9
106,karger_recursive,2,0,16
106,karger_improved,2,0,4
106,karger,2,0,2
107,karger_recursive,294,23,7176
107,karger_improved,294,44,46
107,karger,294,80,23
108,karger_recursive,58,1,7176
108,karger_improved,58,1,46
108,karger,58,2,23
109,karger_recursive,240,11,12600
109,karger_improved,240,34,56
109,karger,240,15,28
110,karger_recursive,3,0,24
110,karger_improved,3,1,4
110,karger,3,1,2
111,karger_recursive,49,0,1274
111,karger_improved,49,25,24
111,karger,49,10,12
112,karger_recursive,83,2,8112
112,karger_improved,83,2,48
112,karger,83,7,24
113,karger_recursive,53,1,9100
113,karger_improved,53,4,50
113,karger,53,2,25
114,karger_recursive,126,0,5808
114,karger_improved,126,13,42
114,karger,126,9,21
115,karger_recursive,73,1,8112
115,karger_improved,73,1,48
115,karger,73,10,24
116,karger_recursive,10,0,576
116,karger_improved,10,0,16
116,karger,10,0,8
117,karger_recursive,46,0,2304
117,karger_improved,46,3,30
117,karger,46,23,15
118,karger_recursive,3,0,36
118,karger_improved,3,0,6
118,karger,3,0,3
119,karger_recursive,55,0,4400
119,karger_improved,55,7,38
119,karger,55,20,19
120,karger_recursive,27,3,400
120,karger_improved,27,9,16
120,karger,27,4,8
121,karger_recursive,19,4,192
121,karger_improved,19,6,12
121,karger,19,10,6
122,karger_recursive,272,15,10192
122,karger_improved,272,21,52
122,karger,272,118,26
123,karger_recursive,17,4,120
123,karger_improved,17,4,10
123,karger,17,7,5
124,karger_recursive,87,0,4400
124,karger_improved,87,20,38
124,karger,87,30,19
125,karger_recursive,4,0,1352
125,karger_improved,4,0,8
125,karger,4,0,4
126,karger_recursive,80,0,2304
126,karger_improved,80,10,30
126,karger,80,5,15
127,karger_recursive,5,0,72
127,karger_improved,5,0,8
127,karger,5,0,4
128,karger_recursive,133,0,2304
128,karger_improved,133,28,30
128,karger,133,70,15
129,karger_recursive,13,0,90
129,karger_improved,13,7,8
129,karger,13,4,4
130,karger_recursive,1,1,0
130,karger_improved,1,1,0
130,karger,1,1,0
131,karger_recursive,235,0,6624
131,karger_improved,235,112,44
131,karger,235,90,22
132,karger_recursive,244,16,8112
132,karger_improved,244,64,48
132,karger,244,121,24
133,karger_recursive,1,0,4
133,karger_improved,1,0,2
133,karger,1,0,1
134,karger_recursive,0,0,0
134,karger_improved,0,0,0
134,karger,0,0,0
135,karger_recursive,10,0,3920
135,karger_improved,10,0,20
135,karger,10,0,10
136,karger_recursive,8,0,896
136,karger_improved,8,0,16
136,karger,8,0,8
137,karger_recursive,55,0,600
137,karger_improved,55,18,18
137,karger,55,28,9
138,karger_recursive,154,0,5082
138,karger_improved,154,27,40
138,karger,154,28,20
139,karger_recursive,2,0,48
139,karger_improved,2,0,4
139,karger,2,0,2
140,karger_recursive,210,11,10192
140,karger_improved,210,15,52
140,karger,210,43,26
141,karger_recursive,224,12,9100
141,karger_improved,224,58,50
141,karger,224,47,25
142,karger_recursive,0,-1,0
142,karger_improved,0,0,0
142,karger,0,0,0
143,karger_recursive,138,0,2754
143,karger_improved,138,54,32
143,karger,138,30,16
144,karger_recursive,7,0,90
144,karger_improved,7,2,8
144,karger,7,1,4
145,karger_recursive,108,0,2304
145,karger_improved,108,40,30
145,karger,108,46,15
146,karger_recursive,83,0,1568
146,karger_improved,83,44,26
146,karger,83,8,13
147,karger_recursive,52,1,8112
147,karger_improved,52,3,48
147,karger,52,16,24
148,karger_recursive,0,0,0
148,karger_improved,0,0,0
148,karger,0,0,0
149,karger_recursive,155,8,7176
149,karger_improved,155,19,46
149,karger,155,28,23
150,karger_recursive,19,0,1176
150,karger_improved,19,0,24
150,karger,19,0,12
151,karger_recursive,367,21,11340
151,karger_improved,367,157,54
151,karger,367,194,27
152,karger_recursive,1,1,0
152,karger_improved,1,1,0
152,karger,1,1,0
153,karger_recursive,4,0,24
153,karger_improved,4,1,4
153,karger,4,2,2
154,karger_recursive,70,0,1008
154,karger_improved,70,19,22
154,karger,70,38,11
155,karger_recursive,84,0,1920
155,karger_improved,84,30,28
155,karger,84,10,14
156,karger_recursive,41,0,2754
156,karger_improved,41,4,32
156,karger,41,7,16
157,karger_recursive,126,0,3240
157,karger_improved,126,49,34
157,karger,126,44,17
158,karger_recursive,91,0,3240
158,karger_improved,91,37,34
158,karger,91,44,17
159,karger_recursive,93,0,2754
159,karger_improved,93,17,32
159,karger,93,9,16
160,karger_recursive,45,0,600
160,karger_improved,45,23,18
160,karger,45,9,9
161,karger_recursive,42,0,4400
161,karger_improved,42,2,38
161,karger,42,3,19
162,karger_recursive,88,0,1568
162,karger_improved,88,43,26
162,karger,88,11,13
163,karger_recursive,18,2,400
163,karger_improved,18,2,16
163,karger,18,8,8
164,karger_recursive,224,0,5082
164,karger_improved,224,40,40
164,karger,224,21,20
165,karger_recursive,47,0,2304
165,karger_improved,47,12,30
165,karger,47,3,15
166,karger_recursive,99,0,1920
166,karger_improved,99,13,28
166,karger,99,52,14
167,karger_recursive,77,1,11340
167,karger_improved,77,5,54
167,karger,77,28,27
168,karger_recursive,8,0,48
168,karger_improved,8,2,6
168,karger,8,4,3
169,karger_recursive,44,0,600
169,karger_improved,44,23,18
169,karger,44,18,9
170,karger_recursive,192,10,8112
170,karger_improved,192,17,48
170,karger,192,96,24
171,karger_recursive,7,0,1134
171,karger_improved,7,0,14
171,karger,7,0,7
172,karger_recursive,162,8,8112
172,karger_improved,162,76,48
172,karger,162,80,24
173,karger_recursive,124,4,9100
173,karger_improved,124,14,50
173,karger,124,31,25
174,karger_recursive,25,0,3960
174,karger_improved,25,0,36
174,karger,25,0,18
175,karger_recursive,30,0,600
175,karger_improved,30,13,18
175,karger,30,12,9
176,karger_recursive,350,21,10192
176,karger_improved,350,146,52
176,karger,350,138,26
177,karger_recursive,41,0,9100
177,karger_improved,41,0,50
177,karger,41,0,25
178,karger_recursive,2,0,24
178,karger_improved,2,0,4
178,karger,2,0,2
179,karger_recursive,235,12,10192
179,karger_improved,235,15,52
179,karger,235,59,26
180,karger_recursive,2,0,8
180,karger_improved,2,1,2
180,karger,2,1,1
181,karger_recursive,8,0,3136
181,karger_improved,8,0,16
181,karger,8,0,8
182,karger_recursive,12,0,1782
182,karger_improved,12,0,22
182,karger,12,0,11
183,karger_recursive,317,23,8112
183,karger_improved,317,45,48
183,karger,317,128,24
184,karger_recursive,31,0,2160
184,karger_improved,31,0,30
184,karger,31,0,15
185,karger_recursive,46,0,1274
185,karger_improved,46,15,24
185,karger,46,23,12
186,karger_recursive,0,-1,0
186,karger_improved,0,0,0
186,karger,0,0,0
187,karger_recursive,23,4,192
187,karger_improved,23,10,12
187,karger,23,11,6
188,karger_recursive,3,0,8
188,karger_improved,3,2,2
188,karger,3,2,1
189,karger_recursive,126,0,3800
189,karger_improved,126,42,36
189,karger,126,34,18
190,karger_recursive,136,3,12600
190,karger_improved,136,6,56
190,karger,136,3,28
191,karger_recursive,5,0,360
191,karger_improved,5,0,10
191,karger,5,0,5
192,karger_recursive,1,0,4
192,karger_improved,1,0,2
192,karger,1,0,1
193,karger_recursive,0,-1,0
193,karger_improved,0,0,0
193,karger,0,0,0
194,karger_recursive,28,3,400
194,karger_improved,28,11,16
194,karger,28,15,8
195,karger_recursive,95,1,7176
195,karger_improved,95,28,46
195,karger,95,1,23
196,karger_recursive,20,0,792
196,karger_improved,20,1,20
196,karger,20,1,10
197,karger_recursive,62,0,3800
197,karger_improved,62,8,36
197,karger,62,8,18
198,karger_recursive,109,0,1920
198,karger_improved,109,52,28
198,karger,109,15,14
199,karger_recursive,27,0,600
199,karger_improved,27,3,18
199,karger,27,3,9
200,karger_recursive,214,10,12600
200,karger_improved,214,74,56
200,karger,214,102,28
201,karger_recursive,12,1,192
201,karger_improved,12,3,12
201,karger,12,3,6
202,karger_recursive,1,1,0
202,karger_improved,1,1,0
202,karger,1,1,0
203,karger_recursive,287,22,7176
203,karger_improved,287,46,46
203,karger,287,24,23
204,karger_recursive,37,0,5544
204,karger_improved,37,0,42
204,karger,37,0,21
205,karger_recursive,115,0,4400
205,karger_improved,115,40,38
205,karger,115,11,19
206,karger_recursive,9,0,3042
206,karger_improved,9,0,18
206,karger,9,0,9
207,karger_recursive,34,6,280
207,karger_improved,34,7,14
207,karger,34,18,7
208,karger_recursive,25,5,192
208,karger_improved,25,12,12
208,karger,25,13,6
209,karger_recursive,33,0,4180
209,karger_improved,33,0,38
209,karger,33,0,19
210,karger_recursive,69,0,1274
210,karger_improved,69,35,24
210,karger,69,36,12
211,karger_recursive,0,-1,0
211,karger_improved,0,0,0
211,karger,0,0,0
212,karger_recursive,38,0,792
212,karger_improved,38,11,20
212,karger,38,7,10
213,karger_recursive,214,12,8112
213,karger_improved,214,17,48
213,karger,214,87,24
214,karger_recursive,34,0,792
214,karger_improved,34,7,20
214,karger,34,12,10
215,karger_recursive,4,0,48
215,karger_improved,4,1,6
215,karger,4,1,3
216,karger_recursive,3,0,8
216,karger_improved,3,2,2
216,karger,3,2,1
217,karger_recursive,100,0,4400
217,karger_improved,100,38,38
217,karger,100,34,19
218,karger_recursive,19,0,400
218,karger_improved,19,0,16
218,karger,19,0,8
219,karger_recursive,118,0,3240
219,karger_improved,118,41,34
219,karger,118,28,17
220,karger_recursive,410,25,12600
220,karger_improved,410,97,56
220,karger,410,136,28
221,karger_recursive,3,0,96
221,karger_improved,3,0,6
221,karger,3,0,3
222,karger_recursive,1,0,12
222,karger_improved,1,0,2
222,karger,1,0,1
223,karger_recursive,65,0,1920
223,karger_improved,65,22,28
223,karger,65,38,14
224,karger_recursive,35,0,7176
224,karger_improved,35,0,46
224,karger,35,0,23
225,karger_recursive,140,0,2754
225,karger_improved,140,50,32
225,karger,140,63,16
226,karger_recursive,9,0,400
226,karger_improved,9,0,16
226,karger,9,0,8
227,karger_recursive,274,0,6624
227,karger_improved,274,23,44
227,karger,274,23,22
228,karger_recursive,10,1,192
228,karger_improved,10,1,12
228,karger,10,3,6
229,karger_recursive,0,-1,0
229,karger_improved,0,0,0
229,karger,0,0,0
230,karger_recursive,14,0,2268
230,karger_improved,14,0,28
230,karger,14,0,14
231,karger_recursive,54,0,2304
231,karger_improved,54,6,30
231,karger,54,24,15
232,karger_recursive,3,0,120
232,karger_improved,3,0,6
232,karger,3,0,3
233,karger_recursive,12,0,192
233,karger_improved,12,0,12
233,karger,12,0,6
234,karger_recursive,61,0,1008
234,karger_improved,61,9,22
234,karger,61,8,11
235,karger_recursive,102,0,3240
235,karger_improved,102,19,34
235,karger,102,48,17
236,karger_recursive,18,0,3520
236,karger_improved,18,0,32
236,karger,18,0,16
237,karger_recursive,4,0,24
237,karger_improved,4,1,4
237,karger,4,2,2
238,karger_recursive,1,0,112
238,karger_improved,1,0,2
238,karger,1,0,1
239,karger_recursive,179,8,11340
239,karger_improved,179,46,54
239,karger,179,53,27
240,karger_recursive,61,0,1568
240,karger_improved,61,10,26
240,karger,61,6,13
241,karger_recursive,33,0,1920
241,karger_improved,33,4,28
241,karger,33,2,14
242,karger_recursive,31,0,1274
242,karger_improved,31,4,24
242,karger,31,1,12
243,karger_recursive,0,-1,0
243,karger_improved,0,0,0
243,karger,0,0,0
244,karger_recursive,103,0,4400
244,karger_improved,103,40,38
244,karger,103,32,19
245,karger_recursive,12,2,120
245,karger_improved,12,2,10
245,karger,12,3,5
246,karger_recursive,95,0,2754
246,karger_improved,95,10,32
246,karger,95,43,16
247,karger_recursive,124,0,4400
247,karger_improved,124,12,38
247,karger,124,57,19
248,karger_recursive,119,0,3240
248,karger_improved,119,31,34
248,karger,119,47,17
249,karger_recursive,5,0,120
249,karger_improved,5,0,10
249,karger,5,0,5
250,karger_recursive,63,0,2754
250,karger_improved,63,22,32
250,karger,63,28,16
251,karger_recursive,0,0,0
251,karger_improved,0,0,0
251,karger,0,0,0
252,karger_recursive,30,0,1008
252,karger_improved,30,10,22
252,karger,30,4,11
253,karger_recursive,1,0,98
253,karger_improved,1,0,2
253,karger,1,0,1
254,karger_recursive,26,0,1920
254,karger_improved,26,4,28
254,karger,26,2,14
255,karger_recursive,12,0,90
255,karger_improved,12,7,8
255,karger,12,7,4
256,karger_recursive,22,0,1274
256,karger_improved,22,5,24
256,karger,22,2,12
257,karger_recursive,12,0,792
257,karger_improved,12,1,20
257,karger,12,1,10
258,karger_recursive,10,0,1152
258,karger_improved,10,0,18
258,karger,10,0,9
259,karger_recursive,106,0,5082
259,karger_improved,106,47,40
259,karger,106,18,20
260,karger_recursive,3,0,36
260,karger_improved,3,0,6
260,karger,3,0,3
261,karger_recursive,5,0,160
261,karger_improved,5,0,10
261,karger,5,0,5
262,karger_recursive,33,5,400
262,karger_improved,33,7,16
262,karger,33,13,8
263,karger_recursive,347,20,11340
263,karger_improved,347,67,54
263,karger,347,51,27
264,karger_recursive,9,1,120
264,karger_improved,9,3,10
264,karger,9,1,5
265,karger_recursive,22,3,280
265,karger_improved,22,3,14
265,karger,22,7,7
266,karger_recursive,163,0,3800
266,karger_improved,163,62,36
266,karger,163,15,18
267,karger_recursive,0,-1,0
267,karger_improved,0,0,0
267,karger,0,0,0
268,karger_recursive,4,0,24
268,karger_improved,4,1,4
268,karger,4,2,2
269,karger_recursive,303,18,10192
269,karger_improved,303,149,52
269,karger,303,59,26
270,karger_recursive,94,0,6624
270,karger_improved,94,14,44
270,karger,94,34,22
271,karger_recursive,153,6,10192
271,karger_improved,153,71,52
271,karger,153,68,26
272,karger_recursive,258,14,10192
272,karger_improved,258,53,52
272,karger,258,123,26
273,karger_recursive,6,0,672
273,karger_improved,6,0,12
273,karger,6,0,6
274,karger_recursive,214,0,5082
274,karger_improved,214,79,40
274,karger,214,82,20
275,karger_recursive,93,0,5808
275,karger_improved,93,39,42
275,karger,93,4,21
276,karger_recursive,218,0,5808
276,karger_improved,218,19,42
276,karger,218,35,21
277,karger_recursive,15,0,4320
277,karger_improved,15,0,30
277,karger,15,0,15
278,karger_recursive,214,0,5808
278,karger_improved,214,34,42
278,karger,214,110,21
279,karger_recursive,10,0,48
279,karger_improved,10,6,6
279,karger,10,4,3
280,karger_recursive,49,0,2304
280,karger_improved,49,19,30
280,karger,49,4,15
281,karger_recursive,0,0,0
281,karger_improved,0,0,0
281,karger,0,0,0
282,karger_recursive,5,0,24
282,karger_improved,5,3,4
282,karger,5,3,2
283,karger_recursive,55,0,6336
283,karger_improved,55,0,44
283,karger,55,0,22
284,karger_recursive,46,0,2304
284,karger_improved,46,6,30
284,karger,46,2,15
285,karger_recursive,13,0,3432
285,karger_improved,13,0,26
285,karger,13,0,13
286,karger_recursive,10,0,48
286,karger_improved,10,6,6
286,karger,10,4,3
287,karger_recursive,27,0,4356
287,karger_improved,27,0,36
287,karger,27,0,18
288,karger_recursive,12,0,1440
288,karger_improved,12,0,20
288,karger,12,0,10
289,karger_recursive,25,0,2754
289,karger_improved,25,1,32
289,karger,25,3,16
290,karger_recursive,77,0,1920
290,karger_improved,77,29,28
290,karger,77,15,14
291,karger_recursive,50,0,12600
291,karger_improved,50,0,56
291,karger,50,0,28
292,karger_recursive,0,-1,0
292,karger_improved,0,0,0
292,karger,0,0,0
293,karger_recursive,333,18,12600
293,karger_improved,333,58,56
293,karger,333,82,28
294,karger_recursive,29,0,600
294,karger_improved,29,7,18
294,karger,29,12,9
295,karger_recursive,167,0,3800
295,karger_improved,167,17,36
295,karger,167,17,18
296,karger_recursive,187,8,10192
296,karger_improved,187,49,52
296,karger,187,80,26
297,karger_recursive,111,0,3240
297,karger_improved,111,20,34
297,karger,111,52,17
298,karger_recursive,162,0,3800
298,karger_improved,162,82,36
298,karger,162,71,18
299,karger_recursive,2,0,8
299,karger_improved,2,1,2
299,karger,2,1,1
300,karger_recursive,4,0,200
300,karger_improved,4,0,8
300,karger,4,0,4
301,karger_recursive,259,0,6624
301,karger_improved,259,88,44
301,karger,259,20,22
302,karger_recursive,124,0,3240
302,karger_improved,124,14,34
302,karger,124,60,17
303,karger_recursive,133,0,3240
303,karger_improved,133,47,34
303,karger,133,52,17
304,karger_recursive,6,0,250
304,karger_improved,6,0,10
304,karger,6,0,5
305,karger_recursive,123,0,3800
305,karger_improved,123,16,36
305,karger,123,11,18
306,karger_recursive,132,5,10192
306,karger_improved,132,12,52
306,karger,132,15,26
307,karger_recursive,10,0,1800
307,karger_improved,10,0,18
307,karger,10,0,9
308,karger_recursive,4,0,54
308,karger_improved,4,0,6
308,karger,4,0,3
309,karger_recursive,35,0,1920
309,karger_improved,35,12,28
309,karger,35,4,14
310,karger_recursive,1,1,0
310,karger_improved,1,1,0
310,karger,1,1,0
311,karger_recursive,28,7,192
311,karger_improved,28,12,12
311,karger,28,12,6
312,karger_recursive,278,12,10192
312,karger_improved,278,52,52
312,karger,278,19,26
313,karger_recursive,32,0,4598
313,karger_improved,32,0,38
313,karger,32,0,19
314,karger_recursive,3,0,54
314,karger_improved,3,0,6
314,karger,3,0,3
315,karger_recursive,261,16,9100
315,karger_improved,261,68,50
315,karger,261,17,25
316,karger_recursive,62,0,4400
316,karger_improved,62,8,38
316,karger,62,18,19
317,karger_recursive,0,-1,0
317,karger_improved,0,0,0
317,karger,0,0,0
318,karger_recursive,35,0,6864
318,karger_improved,35,0,44
318,karger,35,0,22
319,karger_recursive,7,0,1008
319,karger_improved,7,0,14
319,karger,7,0,7
320,karger_recursive,51,0,600
320,karger_improved,51,18,18
320,karger,51,15,9
321,karger_recursive,56,0,1568
321,karger_improved,56,4,26
321,karger,56,4,13
322,karger_recursive,0,0,0
322,karger_improved,0,0,0
322,karger,0,0,0
323,karger_recursive,14,0,720
323,karger_improved,14,0,20
323,karger,14,0,10
324,karger_recursive,117,0,6624
324,karger_improved,117,5,44
324,karger,117,11,22
325,karger_recursive,31,0,792
325,karger_improved,31,2,20
325,karger,31,2,10
326,karger_recursive,0,-1,0
326,karger_improved,0,0,0
326,karger,0,0,0
327,karger_recursive,152,7,12600
327,karger_improved,152,45,56
327,karger,152,43,28
328,karger_recursive,1,1,0
328,karger_improved,1,1,0
328,karger,1,1,0
329,karger_recursive,28,0,3400
329,karger_improved,28,0,34
329,karger,28,0,17
330,karger_recursive,209,7,12600
330,karger_improved,209,81,56
330,karger,209,60,28
331,karger_recursive,81,0,1920
331,karger_improved,81,11,28
331,karger,81,38,14
332,karger_recursive,186,0,4400
332,karger_improved,186,68,38
332,karger,186,16,19
333,karger_recursive,2,0,288
333,karger_improved,2,0,4
333,karger,2,0,2
334,karger_recursive,42,0,4840
334,karger_improved,42,0,40
334,karger,42,0,20
335,karger_recursive,221,14,7176
335,karger_improved,221,69,46
335,karger,221,103,23
336,karger_recursive,105,0,1568
336,karger_improved,105,26,26
336,karger,105,14,13
337,karger_recursive,112,4,10192
337,karger_improved,112,8,52
337,karger,112,33,26
338,karger_recursive,27,0,5760
338,karger_improved,27,0,40
338,karger,27,0,20
339,karger_recursive,20,0,1008
339,karger_improved,20,1,22
339,karger,20,5,11
340,karger_recursive,0,-1,0
340,karger_improved,0,0,0
340,karger,0,0,0
341,karger_recursive,13,2,120
341,karger_improved,13,6,10
341,karger,13,8,5
342,karger_recursive,39,0,6864
342,karger_improved,39,0,44
342,karger,39,0,22
343,karger_recursive,2,0,576
343,karger_improved,2,0,4
343,karger,2,0,2
344,karger_recursive,335,19,11340
344,karger_improved,335,149,54
344,karger,335,108,27
345,karger_recursive,198,8,11340
345,karger_improved,198,74,54
345,karger,198,8,27
346,karger_recursive,72,0,5808
346,karger_improved,72,2,42
346,karger,72,2,21
347,karger_recursive,129,3,11340
347,karger_improved,129,46,54
347,karger,129,66,27
348,karger_recursive,1,1,0
348,karger_improved,1,1,0
348,karger,1,1,0
349,karger_recursive,3,0,36
349,karger_improved,3,0,6
349,karger,3,0,3
350,karger_recursive,143,7,7176
350,karger_improved,143,11,46
350,karger,143,27,23
351,karger_recursive,37,0,2754
351,karger_improved,37,4,32
351,karger,37,4,16
352,karger_recursive,35,0,1008
352,karger_improved,35,2,22
352,karger,35,13,11
353,karger_recursive,61,0,1568
353,karger_improved,61,10,26
353,karger,61,31,13
354,karger_recursive,32,6,280
354,karger_improved,32,14,14
354,karger,32,16,7
355,karger_recursive,141,6,10192
355,karger_improved,141,7,52
355,karger,141,13,26
356,karger_recursive,0,-1,0
356,karger_improved,0,0,0
356,karger,0,0,0
357,karger_recursive,1,1,0
357,karger_improved,1,1,0
357,karger,1,1,0
358,karger_recursive,17,0,648
358,karger_improved,17,0,18
358,karger,17,0,9
359,karger_recursive,5,0,72
359,karger_improved,5,0,8
359,karger,5,0,4
360,karger_recursive,0,0,0
360,karger_improved,0,0,0
360,karger,0,0,0
361,karger_recursive,1,0,4
361,karger_improved,1,0,2
361,karger,1,0,1
362,karger_recursive,312,20,9100
362,karger_improved,312,144,50
362,karger,312,61,25
363,karger_recursive,76,0,2304
363,karger_improved,76,17,30
363,karger,76,13,15
364,karger_recursive,88,0,4400
364,karger_improved,88,6,38
364,karger,88,29,19
365,karger_recursive,121,0,3800
365,karger_improved,121,9,36
365,karger,121,45,18
366,karger_recursive,10,0,350
366,karger_improved,10,0,14
366,karger,10,0,7
367,karger_recursive,12,0,720
367,karger_improved,12,0,20
367,karger,12,0,10
368,karger_recursive,39,0,600
368,karger_improved,39,17,18
368,karger,39,5,9
369,karger_recursive,344,22,10192
369,karger_improved,344,120,52
369,karger,344,143,26
370,karger_recursive,1,1,0
370,karger_improved,1,1,0
370,karger,1,1,0
371,karger_recursive,21,6,120
371,karger_improved,21,6,10
371,karger,21,6,5
372,karger_recursive,32,7,280
372,karger_improved,32,14,14
372,karger,32,7,7
373,karger_recursive,88,3,11340
373,karger_improved,88,4,54
373,karger,88,27,27
374,karger_recursive,13,0,924
374,karger_improved,13,0,22
374,karger,13,0,11
375,karger_recursive,12,0,840
375,karger_improved,12,0,20
375,karger,12,0,10
376,karger_recursive,2,0,8
376,karger_improved,2,1,2
376,karger,2,1,1
377,karger_recursive,283,16,10192
377,karger_improved,283,85,52
377,karger,283,130,26
378,karger_recursive,18,0,720
378,karger_improved,18,0,20
378,karger,18,0,10
379,karger_recursive,0,0,0
379,karger_improved,0,0,0
379,karger,0,0,0
380,karger_recursive,37,0,5808
380,karger_improved,37,1,42
380,karger,37,1,21
381,karger_recursive,327,23,9100
381,karger_improved,327,140,50
381,karger,327,132,25
382,karger_recursive,110,0,6624
382,karger_improved,110,8,44
382,karger,110,7,22
383,karger_recursive,0,-1,0
383,karger_improved,0,0,0
383,karger,0,0,0
384,karger_recursive,156,5,11340
384,karger_improved,156,18,54
384,karger,156,48,27
385,karger_recursive,50,1,7176
385,karger_improved,50,6,46
385,karger,50,1,23
386,karger_recursive,4,0,24
386,karger_improved,4,1,4
386,karger,4,1,2
387,karger_recursive,0,0,0
387,karger_improved,0,0,0
387,karger,0,0,0
388,karger_recursive,0,-1,0
388,karger_improved,0,0,0
388,karger,0,0,0
389,karger_recursive,174,7,7176
389,karger_improved,174,40,46
389,karger,174,34,23
390,karger_recursive,136,0,3240
390,karger_improved,136,60,34
390,karger,136,70,17
391,karger_recursive,49,0,5082
391,karger_improved,49,2,40
391,karger,49,2,20
392,karger_recursive,70,0,2304
392,karger_improved,70,29,30
392,karger,70,16,15
393,karger_recursive,52,0,1274
393,karger_improved,52,16,24
393,karger,52,27,12
394,karger_recursive,54,0,1568
394,karger_improved,54,16,26
394,karger,54,7,13
395,karger_recursive,69,0,1274
395,karger_improved,69,6,24
395,karger,69,28,12
396,karger_recursive,10,1,192
396,karger_improved,10,2,12
396,karger,10,2,6
397,karger_recursive,4,0,160
397,karger_improved,4,0,8
397,karger,4,0,4
398,karger_recursive,6,0,192
398,karger_improved,6,0,12
398,karger,6,0,6
399,karger_recursive,108,0,1920
399,karger_improved,108,26,28
399,karger,108,26,14
400,karger_recursive,2,0,8
400,karger_improved,2,1,2
400,karger,2,1,1
401,karger_recursive,47,0,1008
401,karger_improved,47,4,22
401,karger,47,7,11
402,karger_recursive,25,0,1274
402,karger_improved,25,3,24
402,karger,25,6,12
403,karger_recursive,101,0,1568
403,karger_improved,101,47,26
403,karger,101,12,13
404,karger_recursive,45,0,1920
404,karger_improved,45,5,28
404,karger,45,8,14
405,karger_recursive,0,-1,0
405,karger_improved,0,0,0
405,karger,0,0,0
406,karger_recursive,10,0,48
406,karger_improved,10,4,6
406,karger,10,6,3
407,karger_recursive,279,19,8112
407,karger_improved,279,79,48
407,karger,279,143,24
408,karger_recursive,3,0,216
408,karger_improved,3,0,6
408,karger,3,0,3
409,karger_recursive,26,0,1456
409,karger_improved,26,0,26
409,karger,26,0,13
410,karger_recursive,159,5,9100
410,karger_improved,159,9,50
410,karger,159,74,25
411,karger_recursive,0,0,0
411,karger_improved,0,0,0
411,karger,0,0,0
412,karger_recursive,47,0,4400
412,karger_improved,47,4,38
412,karger,47,12,19
413,karger_recursive,117,0,2754
413,karger_improved,117,33,32
413,karger,117,44,16
414,karger_recursive,29,4,400
414,karger_improved,29,5,16
414,karger,29,16,8
415,karger_recursive,0,0,0
415,karger_improved,0,0,0
415,karger,0,0,0
416,karger_recursive,346,24,9100
416,karger_improved,346,108,50
416,karger,346,26,25
417,karger_recursive,93,0,1568
417,karger_improved,93,11,26
417,karger,93,48,13
418,karger_recursive,7,0,360
418,karger_improved,7,0,12
418,karger,7,0,6
419,karger_recursive,5,0,1210
419,karger_improved,5,0,10
419,karger,5,0,5
420,karger_recursive,5,0,200
420,karger_improved,5,0,10
420,karger,5,0,5
421,karger_recursive,242,10,11340
421,karger_improved,242,32,54
421,karger,242,98,27
422,karger_recursive,49,0,600
422,karger_improved,49,7,18
422,karger,49,18,9
423,karger_recursive,56,0,1274
423,karger_improved,56,9,24
423,karger,56,18,12
424,karger_recursive,10,0,48
424,karger_improved,10,6,6
424,karger,10,6,3
425,karger_recursive,74,0,6624
425,karger_improved,74,5,44
425,karger,74,17,22
426,karger_recursive,79,0,1274
426,karger_improved,79,38,24
426,karger,79,30,12
427,karger_recursive,180,0,4400
427,karger_improved,180,33,38
427,karger,180,92,19
428,karger_recursive,16,0,600
428,karger_improved,16,1,18
428,karger,16,7,9
429,karger_recursive,39,1,10192
429,karger_improved,39,2,52
429,karger,39,2,26
430,karger_recursive,253,14,9100
430,karger_improved,253,50,50
430,karger,253,96,25
431,karger_recursive,3,0,54
431,karger_improved,3,0,6
431,karger,3,0,3
432,karger_recursive,103,0,1920
432,karger_improved,103,34,28
432,karger,103,51,14
433,karger_recursive,2,0,24
433,karger_improved,2,0,4
433,karger,2,0,2
434,karger_recursive,27,6,192
434,karger_improved,27,6,12
434,karger,27,11,6
435,karger_recursive,25,0,792
435,karger_improved,25,1,20
435,karger,25,4,10
436,karger_recursive,63,0,792
436,karger_improved,63,33,20
436,karger,63,32,10
437,karger_recursive,51,0,10192
437,karger_improved,51,0,52
437,karger,51,0,26
438,karger_recursive,241,15,7176
438,karger_improved,241,125,46
438,karger,241,109,23
439,karger_recursive,3,0,36
439,karger_improved,3,0,6
439,karger,3,0,3
440,karger_recursive,135,5,9100
440,karger_improved,135,28,50
440,karger,135,62,25
441,karger_recursive,38,0,792
441,karger_improved,38,15,20
441,karger,38,20,10
442,karger_recursive,86,0,1274
442,karger_improved,86,12,24
442,karger,86,42,12
443,karger_recursive,336,17,11340
443,karger_improved,336,58,54
443,karger,336,166,27
444,karger_recursive,5,0,360
444,karger_improved,5,0,10
444,karger,5,0,5
445,karger_recursive,12,0,840
445,karger_improved,12,0,20
445,karger,12,0,10
446,karger_recursive,1,0,4
446,karger_improved,1,0,2
446,karger,1,0,1
447,karger_recursive,147,0,5082
447,karger_improved,147,37,40
447,karger,147,69,20
448,karger_recursive,19,5,120
448,karger_improved,19,5,10
448,karger,19,6,5
449,karger_recursive,21,6,120
449,karger_improved,21,6,10
449,karger,21,6,5
450,karger_recursive,3,0,150
450,karger_improved,3,0,6
450,karger,3,0,3
451,karger_recursive,8,0,896
451,karger_improved,8,0,16
451,karger,8,0,8
452,karger_recursive,7,0,48
452,karger_improved,7,1,6
452,karger,7,1,3
453,karger_recursive,296,15,12600
453,karger_improved,296,33,56
453,karger,296,115,28
454,karger_recursive,146,0,5808
454,karger_improved,146,44,42
454,karger,146,12,21
455,karger_recursive,161,0,3800
455,karger_improved,161,53,36
455,karger,161,77,18
456,karger_recursive,33,0,10350
456,karger_improved,33,0,46
456,karger,33,0,23
457,karger_recursive,199,0,5808
457,karger_improved,199,14,42
457,karger,199,67,21
458,karger_recursive,69,0,1274
458,karger_improved,69,34,24
458,karger,69,30,12
459,karger_recursive,58,0,1008
459,karger_improved,58,17,22
459,karger,58,15,11
460,karger_recursive,0,0,0
460,karger_improved,0,0,0
460,karger,0,0,0
461,karger_recursive,143,0,2754
461,karger_improved,143,71,32
461,karger,143,73,16
462,karger_recursive,158,0,4400
462,karger_improved,158,30,38
462,karger,158,70,19
463,karger_recursive,96,0,1568
463,karger_improved,96,24,26
463,karger,96,53,13
464,karger_recursive,0,-1,0
464,karger_improved,0,0,0
464,karger,0,0,0
465,karger_recursive,113,0,3800
465,karger_improved,113,52,36
465,karger,113,62,18
466,karger_recursive,255,0,6624
466,karger_improved,255,72,44
466,karger,255,57,22
467,karger_recursive,84,0,5808
467,karger_improved,84,25,42
467,karger,84,5,21
468,karger_recursive,6,0,120
468,karger_improved,6,0,10
468,karger,6,0,5
469,karger_recursive,8,0,1152
469,karger_improved,8,0,16
469,karger,8,0,8
470,karger_recursive,6,1,120
470,karger_improved,6,1,10
470,karger,6,1,5
471,karger_recursive,170,0,6624
471,karger_improved,170,14,44
471,karger,170,57,22
472,karger_recursive,1,0,24
472,karger_improved,1,0,2
472,karger,1,0,1
473,karger_recursive,5,0,360
473,karger_improved,5,0,10
473,karger,5,0,5
474,karger_recursive,117,0,6624
474,karger_improved,117,41,44
474,karger,117,48,22
475,karger_recursive,158,0,3800
475,karger_improved,158,51,36
475,karger,158,74,18
476,karger_recursive,5,0,24
476,karger_improved,5,3,4
476,karger,5,3,2
477,karger_recursive,7,0,420
477,karger_improved,7,0,14
477,karger,7,0,7
478,karger_recursive,10,0,1458
478,karger_improved,10,0,18
478,karger,10,0,9
479,karger_recursive,203,11,7176
479,karger_improved,203,63,46
479,karger,203,30,23
480,karger_recursive,60,0,4400
480,karger_improved,60,6,38
480,karger,60,15,19
481,karger_recursive,31,0,1274
481,karger_improved,31,3,24
481,karger,31,3,12
482,karger_recursive,6,0,36
482,karger_improved,6,0,6
482,karger,6,0,3
483,karger_recursive,3,0,96
483,karger_improved,3,0,6
483,karger,3,0,3
484,karger_recursive,356,22,12600
484,karger_improved,356,82,56
484,karger,356,149,28
485,karger_recursive,11,0,90
485,karger_improved,11,3,8
485,karger,11,5,4
486,karger_recursive,62,0,3800
486,karger_improved,62,14,36
486,karger,62,3,18
487,karger_recursive,36,0,10920
487,karger_improved,36,0,52
487,karger,36,0,26
488,karger_recursive,0,0,0
488,karger_improved,0,0,0
488,karger,0,0,0
489,karger_recursive,27,5,280
489,karger_improved,27,5,14
489,karger,27,12,7
490,karger_recursive,49,2,9100
490,karger_improved,49,13,50
490,karger,49,5,25
491,karger_recursive,6,0,24
491,karger_improved,6,3,4
491,karger,6,4,2
492,karger_recursive,100,1,8112
492,karger_improved,100,1,48
492,karger,100,7,24
493,karger_recursive,279,16,9100
493,karger_improved,279,99,50
493,karger,279,107,25
494,karger_recursive,29,4,400
494,karger_improved,29,14,16
494,karger,29,11,8
495,karger_recursive,146,6,11340
495,karger_improved,146,44,54
495,karger,146,7,27
496,karger_recursive,24,0,600
496,karger_improved,24,11,18
496,karger,24,11,9
497,karger_recursive,19,5,120
497,karger_improved,19,5,10
497,karger,19,5,5
498,karger_recursive,59,0,5808
498,karger_improved,59,24,42
498,karger,59,20,21
499,karger_recursive,0,-1,0
499,karger_improved,0,0,0
499,karger,0,0,0
500,karger_recursive,0,0,0
500,karger_improved,0,0,0
500,karger,0,0,0
501,karger_recursive,53,0,5808
501,karger_improved,53,3,42
501,karger,53,1,21
502,karger_recursive,435,29,12600
502,karger_improved,435,104,56
502,karger,435,144,28
503,karger_recursive,297,15,10192
503,karger_improved,297,35,52
503,karger,297,153,26
504,karger_recursive,9,0,882
504,karger_improved,9,0,18
504,karger,9,0,9
505,karger_recursive,0,0,0
505,karger_improved,0,0,0
505,karger,0,0,0
506,karger_recursive,70,0,6624
506,karger_improved,70,6,44
506,karger,70,33,22
507,karger_recursive,1,0,24
507,karger_improved,1,0,2
507,karger,1,0,1
508,karger_recursive,114,0,4400
508,karger_improved,114,36,38
508,karger,114,57,19
509,karger_recursive,2,0,100
509,karger_improved,2,0,4
509,karger,2,0,2
510,karger_recursive,371,24,10192
510,karger_improved,371,188,52
510,karger,371,130,26
511,karger_recursive,323,17,11340
511,karger_improved,323,23,54
511,karger,323,158,27
512,karger_recursive,5,0,160
512,karger_improved,5,0,10
512,karger,5,0,5
513,karger_recursive,117,0,2754
513,karger_improved,117,48,32
513,karger,117,46,16
514,karger_recursive,26,4,280
514,karger_improved,26,4,14
514,karger,26,14,7
515,karger_recursive,79,3,8112
515,karger_improved,79,5,48
515,karger,79,8,24
516,karger_recursive,6,0,24
516,karger_improved,6,3,4
516,karger,6,3,2
517,karger_recursive,86,0,5082
517,karger_improved,86,18,40
517,karger,86,10,20
518,karger_recursive,5,0,1690
518,karger_improved,5,0,10
518,karger,5,0,5
519,karger_recursive,13,0,90
519,karger_improved,13,4,8
519,karger,13,6,4
520,karger_recursive,117,5,8112
520,karger_improved,117,7,48
520,karger,117,59,24
521,karger_recursive,17,0,4224
521,karger_improved,17,0,32
521,karger,17,0,16
522,karger_recursive,0,0,0
522,karger_improved,0,0,0
522,karger,0,0,0
523,karger_recursive,28,0,10800
523,karger_improved,28,0,48
523,karger,28,0,24
524,karger_recursive,93,0,5808
524,karger_improved,93,36,42
524,karger,93,39,21
525,karger_recursive,109,0,1920
525,karger_improved,109,44,28
525,karger,109,54,14
526,karger_recursive,23,3,400
526,karger_improved,23,5,16
526,karger,23,3,8
527,karger_recursive,290,14,12600
527,karger_improved,290,60,56
527,karger,290,48,28
528,karger_recursive,3,0,24
528,karger_improved,3,1,4
528,karger,3,1,2
529,karger_recursive,21,0,1008
529,karger_improved,21,4,22
529,karger,21,5,11
530,karger_recursive,180,0,6624
530,karger_improved,180,16,44
530,karger,180,90,22
531,karger_recursive,15,0,720
531,karger_improved,15,0,20
531,karger,15,0,10
532,karger_recursive,2,0,676
532,karger_improved,2,0,4
532,karger,2,0,2
533,karger_recursive,0,0,0
533,karger_improved,0,0,0
533,karger,0,0,0
534,karger_recursive,6,0,90
534,karger_improved,6,2,8
534,karger,6,2,4
535,karger_recursive,28,0,1008
535,karger_improved,28,3,22
535,karger,28,12,11
536,karger_recursive,37,6,400
536,karger_improved,37,20,16
536,karger,37,17,8
537,karger_recursive,12,0,400
537,karger_improved,12,0,16
537,karger,12,0,8
538,karger_recursive,72,0,3240
538,karger_improved,72,15,34
538,karger,72,33,17
539,karger_recursive,0,0,0
539,karger_improved,0,0,0
539,karger,0,0,0
540,karger_recursive,2,0,840
540,karger_improved,2,0,4
540,karger,2,0,2
541,karger_recursive,72,0,6624
541,karger_improved,72,14,44
541,karger,72,7,22
542,karger_recursive,16,2,192
542,karger_improved,16,2,12
542,karger,16,5,6
543,karger_recursive,35,0,1274
543,karger_improved,35,4,24
543,karger,35,5,12
544,karger_recursive,104,3,11340
544,karger_improved,104,43,54
544,karger,104,8,27
545,karger_recursive,7,0,72
545,karger_improved,7,0,8
545,karger,7,0,4
546,karger_recursive,82,0,3240
546,karger_improved,82,7,34
546,karger,82,44,17
547,karger_recursive,174,0,6624
547,karger_improved,174,9,44
547,karger,174,58,22
548,karger_recursive,10,0,90
548,karger_improved,10,3,8
548,karger,10,3,4
549,karger_recursive,105,0,1920
549,karger_improved,105,53,28
549,karger,105,13,14
550,karger_recursive,78,0,5082
550,karger_improved,78,6,40
550,karger,78,26,20
551,karger_recursive,42,8,400
551,karger_improved,42,9,16
551,karger,42,15,8
552,karger_recursive,3,0,8
552,karger_improved,3,2,2
552,karger,3,2,1
553,karger_recursive,0,-1,0
553,karger_improved,0,0,0
553,karger,0,0,0
554,karger_recursive,388,22,12600
554,karger_improved,388,70,56
554,karger,388,51,28
555,karger_recursive,3,0,96
555,karger_improved,3,0,6
555,karger,3,0,3
556,karger_recursive,17,2,192
556,karger_improved,17,5,12
556,karger,17,8,6
557,karger_recursive,136,0,3240
557,karger_improved,136,26,34
557,karger,136,54,17
558,karger_recursive,123,0,3800
558,karger_improved,123,21,36
558,karger,123,58,18
559,karger_recursive,23,3,192
559,karger_improved,23,7,12
559,karger,23,9,6
560,karger_recursive,47,0,2304
560,karger_improved,47,8,30
560,karger,47,6,15
561,karger_recursive,80,0,1920
561,karger_improved,80,18,28
561,karger,80,38,14
562,karger_recursive,55,0,600
562,karger_improved,55,10,18
562,karger,55,28,9
563,karger_recursive,185,0,3800
563,karger_improved,185,51,36
563,karger,185,84,18
564,karger_recursive,82,0,6624
564,karger_improved,82,5,44
564,karger,82,7,22
565,karger_recursive,129,6,10192
565,karger_improved,129,21,52
565,karger,129,65,26
566,karger_recursive,51,0,2754
566,karger_improved,51,15,32
566,karger,51,12,16
567,karger_recursive,12,0,1152
567,karger_improved,12,0,18
567,karger,12,0,9
568,karger_recursive,0,0,0
568,karger_improved,0,0,0
568,karger,0,0,0
569,karger_recursive,9,0,784
569,karger_improved,9,0,16
569,karger,9,0,8
570,karger_recursive,373,25,10192
570,karger_improved,373,96,52
570,karger,373,192,26
571,karger_recursive,128,0,5082
571,karger_improved,128,21,40
571,karger,128,22,20
572,karger_recursive,8,0,588
572,karger_improved,8,0,14
572,karger,8,0,7
573,karger_recursive,34,0,12150
573,karger_improved,34,0,54
573,karger,34,0,27
574,karger_recursive,180,0,5082
574,karger_improved,180,15,40
574,karger,180,73,20
575,karger_recursive,141,0,5082
575,karger_improved,141,12,40
575,karger,141,14,20
576,karger_recursive,2,0,24
576,karger_improved,2,0,4
576,karger,2,0,2
577,karger_recursive,0,0,0
577,karger_improved,0,0,0
577,karger,0,0,0
578,karger_recursive,97,0,3240
578,karger_improved,97,10,34
578,karger,97,48,17
579,karger_recursive,71,1,9100
579,karger_improved,71,1,50
579,karger,71,10,25
580,karger_recursive,19,0,720
580,karger_improved,19,0,20
580,karger,19,0,10
581,karger_recursive,25,0,3740
581,karger_improved,25,0,34
581,karger,25,0,17
582,karger_recursive,33,7,280
582,karger_improved,33,6,14
582,karger,33,12,7
583,karger_recursive,79,0,5082
583,karger_improved,79,20,40
583,karger,79,40,20
584,karger_recursive,0,0,0
584,karger_improved,0,0,0
584,karger,0,0,0
585,karger_recursive,0,-1,0
585,karger_improved,0,0,0
585,karger,0,0,0
586,karger_recursive,83,1,8112
586,karger_improved,83,4,48
586,karger,83,36,24
587,karger_recursive,123,0,6624
587,karger_improved,123,9,44
587,karger,123,44,22
588,karger_recursive,53,0,1008
588,karger_improved,53,22,22
588,karger,53,27,11
589,karger_recursive,35,7,280
589,karger_improved,35,13,14
589,karger,35,19,7
590,karger_recursive,12,3,120
590,karger_improved,12,4,10
590,karger,12,3,5
591,karger_recursive,6,0,24
591,karger_improved,6,3,4
591,karger,6,3,2
592,karger_recursive,14,1,280
592,karger_improved,14,2,14
592,karger,14,2,7
593,karger_recursive,0,0,0
593,karger_improved,0,0,0
593,karger,0,0,0
594,karger_recursive,0,-1,0
594,karger_improved,0,0,0
594,karger,0,0,0
595,karger_recursive,1,1,0
595,karger_improved,1,1,0
595,karger,1,1,0
596,karger_recursive,85,3,8112
596,karger_improved,85,4,48
596,karger,85,4,24
597,karger_recursive,15,0,90
597,karger_improved,15,8,8
597,karger,15,5,4
598,karger_recursive,1,0,18
598,karger_improved,1,0,2
598,karger,1,0,1
599,karger_recursive,138,5,8112
599,karger_improved,138,64,48
599,karger,138,5,24
600,karger_recursive,7,0,1260
600,karger_improved,7,0,14
600,karger,7,0,7
601,karger_recursive,0,0,0
601,karger_improved,0,0,0
601,karger,0,0,0
602,karger_recursive,345,19,12600
602,karger_improved,345,125,56
602,karger,345,145,28
603,karger_recursive,20,0,7840
603,karger_improved,20,0,40
603,karger,20,0,20
604,karger_recursive,0,-1,0
604,karger_improved,0,0,0
604,karger,0,0,0
605,karger_recursive,3,0,8
605,karger_improved,3,2,2
605,karger,3,2,1
606,karger_recursive,75,1,8112
606,karger_improved,75,4,48
606,karger,75,31,24
607,karger_recursive,96,0,1568
607,karger_improved,96,14,26
607,karger,96,33,13
608,karger_recursive,125,0,4400
608,karger_improved,125,43,38
608,karger,125,20,19
609,karger_recursive,50,0,1008
609,karger_improved,50,8,22
609,karger,50,12,11
610,karger_recursive,9,0,48
610,karger_improved,9,5,6
610,karger,9,4,3
611,karger_recursive,9,1,192
611,karger_improved,9,1,12
611,karger,9,2,6
612,karger_recursive,36,0,5544
612,karger_improved,36,0,42
612,karger,36,0,21
613,karger_recursive,125,0,4400
613,karger_improved,125,44,38
613,karger,125,58,19
614,karger_recursive,171,5,9100
614,karger_improved,171,50,50
614,karger,171,79,25
615,karger_recursive,149,5,11340
615,karger_improved,149,35,54
615,karger,149,15,27
616,karger_recursive,38,0,600
616,karger_improved,38,6,18
616,karger,38,17,9
617,karger_recursive,4,0,648
617,karger_improved,4,0,8
617,karger,4,0,4
618,karger_recursive,10,2,120
618,karger_improved,10,2,10
618,karger,10,2,5
619,karger_recursive,8,0,240
619,karger_improved,8,0,12
619,karger,8,0,6
620,karger_recursive,7,0,90
620,karger_improved,7,2,8
620,karger,7,3,4
621,karger_recursive,71,0,2754
621,karger_improved,71,5,32
621,karger,71,22,16
622,karger_recursive,46,0,1008
622,karger_improved,46,8,22
622,karger,46,15,11
623,karger_recursive,1,1,0
623,karger_improved,1,1,0
623,karger,1,1,0
624,karger_recursive,67,1,10192
624,karger_improved,67,3,52
624,karger,67,1,26
625,karger_recursive,48,0,1008
625,karger_improved,48,24,22
625,karger,48,19,11
626,karger_recursive,1,1,0
626,karger_improved,1,1,0
626,karger,1,1,0
627,karger_recursive,2,0,8
627,karger_improved,2,1,2
627,karger,2,1,1
628,karger_recursive,81,0,1274
628,karger_improved,81,21,24
628,karger,81,28,12
629,karger_recursive,10,0,400
629,karger_improved,10,0,16
629,karger,10,0,8
630,karger_recursive,10,0,1008
630,karger_improved,10,0,18
630,karger,10,0,9
631,karger_recursive,3,0,8
631,karger_improved,3,2,2
631,karger,3,2,1
632,karger_recursive,8,1,120
632,karger_improved,8,2,10
632,karger,8,1,5
633,karger_recursive,71,1,8112
633,karger_improved,71,1,48
633,karger,71,23,24
634,karger_recursive,223,11,10192
634,karger_improved,223,35,52
634,karger,223,73,26
635,karger_recursive,0,-1,0
635,karger_improved,0,0,0
635,karger,0,0,0
636,karger_recursive,2,0,8
636,karger_improved,2,1,2
636,karger,2,1,1
637,karger_recursive,154,0,3240
637,karger_improved,154,43,34
637,karger,154,54,17
638,karger_recursive,36,0,5544
638,karger_improved,36,0,42
638,karger,36,0,21
639,karger_recursive,72,0,3240
639,karger_improved,72,8,34
639,karger,72,22,17
640,karger_recursive,0,-1,0
640,karger_improved,0,0,0
640,karger,0,0,0
641,karger_recursive,48,0,1274
641,karger_improved,48,5,24
641,karger,48,18,12
642,karger_recursive,49,0,1274
642,karger_improved,49,21,24
642,karger,49,7,12
643,karger_recursive,74,0,6624
643,karger_improved,74,3,44
643,karger,74,5,22
644,karger_recursive,263,17,8112
644,karger_improved,263,61,48
644,karger,263,85,24
645,karger_recursive,0,-1,0
645,karger_improved,0,0,0
645,karger,0,0,0
646,karger_recursive,56,1,9100
646,karger_improved,56,3,50
646,karger,56,3,25
647,karger_recursive,0,-1,0
647,karger_improved,0,0,0
647,karger,0,0,0
648,karger_recursive,0,-1,0
648,karger_improved,0,0,0
648,karger,0,0,0
649,karger_recursive,159,0,5808
649,karger_improved,159,33,42
649,karger,159,64,21
650,karger_recursive,159,0,4400
650,karger_improved,159,75,38
650,karger,159,76,19
651,karger_recursive,120,0,5808
651,karger_improved,120,47,42
651,karger,120,26,21
652,karger_recursive,1,0,12
652,karger_improved,1,0,2
652,karger,1,0,1
653,karger_recursive,18,1,400
653,karger_improved,18,3,16
653,karger,18,3,8
654,karger_recursive,1,0,162
654,karger_improved,1,0,2
654,karger,1,0,1
655,karger_recursive,90,0,3800
655,karger_improved,90,7,36
655,karger,90,29,18
656,karger_recursive,176,7,10192
656,karger_improved,176,45,52
656,karger,176,7,26
657,karger_recursive,33,3,400
657,karger_improved,33,16,16
657,karger,33,7,8
658,karger_recursive,18,3,192
658,karger_improved,18,3,12
658,karger,18,5,6
659,karger_recursive,7,0,192
659,karger_improved,7,0,12
659,karger,7,0,6
660,karger_recursive,272,16,10192
660,karger_improved,272,17,52
660,karger,272,134,26
661,karger_recursive,2,0,36
661,karger_improved,2,0,4
661,karger,2,0,2
662,karger_recursive,182,0,5808
662,karger_improved,182,79,42
662,karger,182,82,21
663,karger_recursive,1,0,4
663,karger_improved,1,0,2
663,karger,1,0,1
664,karger_recursive,1,0,18
664,karger_improved,1,0,2
664,karger,1,0,1
665,karger_recursive,184,0,3800
665,karger_improved,184,80,36
665,karger,184,92,18
666,karger_recursive,275,13,11340
666,karger_improved,275,50,54
666,karger,275,65,27
667,karger_recursive,98,0,4400
667,karger_improved,98,8,38
667,karger,98,41,19
668,karger_recursive,69,0,1568
668,karger_improved,69,17,26
668,karger,69,34,13
669,karger_recursive,13,0,756
669,karger_improved,13,0,18
669,karger,13,0,9
670,karger_recursive,44,0,4400
670,karger_improved,44,5,38
670,karger,44,1,19
671,karger_recursive,139,2,11340
671,karger_improved,139,25,54
671,karger,139,56,27
672,karger_recursive,6,0,24
672,karger_improved,6,3,4
672,karger,6,4,2
673,karger_recursive,73,0,5808
673,karger_improved,73,10,42
673,karger,73,33,21
674,karger_recursive,39,0,1568
674,karger_improved,39,4,26
674,karger,39,7,13
675,karger_recursive,0,-1,0
675,karger_improved,0,0,0
675,karger,0,0,0
676,karger_recursive,30,0,2754
676,karger_improved,30,3,32
676,karger,30,3,16
677,karger_recursive,9,0,48
677,karger_improved,9,5,6
677,karger,9,5,3
678,karger_recursive,37,0,600
678,karger_improved,37,16,18
678,karger,37,6,9
679,karger_recursive,104,0,4400
679,karger_improved,104,16,38
679,karger,104,49,19
680,karger_recursive,88,0,2754
680,karger_improved,88,42,32
680,karger,88,45,16
681,karger_recursive,0,-1,0
681,karger_improved,0,0,0
681,karger,0,0,0
682,karger_recursive,1,0,4
682,karger_improved,1,0,2
682,karger,1,0,1
683,karger_recursive,27,3,400
683,karger_improved,27,5,16
683,karger,27,4,8
684,karger_recursive,6,0,768
684,karger_improved,6,0,12
684,karger,6,0,6
685,karger_recursive,51,0,792
685,karger_improved,51,7,20
685,karger,51,27,10
686,karger_recursive,379,22,12600
686,karger_improved,379,91,56
686,karger,379,75,28
687,karger_recursive,50,0,1008
687,karger_improved,50,7,22
687,karger,50,27,11
688,karger_recursive,52,0,6624
688,karger_improved,52,2,44
688,karger,52,3,22
689,karger_recursive,92,2,12600
689,karger_improved,92,3,56
689,karger,92,40,28
690,karger_recursive,4,0,96
690,karger_improved,4,0,8
690,karger,4,0,4
691,karger_recursive,4,0,36
691,karger_improved,4,0,6
691,karger,4,0,3
692,karger_recursive,33,5,400
692,karger_improved,33,6,16
692,karger,33,5,8
693,karger_recursive,7,1,120
693,karger_improved,7,1,10
693,karger,7,1,5
694,karger_recursive,35,0,6864
694,karger_improved,35,0,44
694,karger,35,0,22
695,karger_recursive,73,0,1274
695,karger_improved,73,12,24
695,karger,73,34,12
696,karger_recursive,0,-1,0
696,karger_improved,0,0,0
696,karger,0,0,0
697,karger_recursive,2,0,16
697,karger_improved,2,0,4
697,karger,2,0,2
698,karger_recursive,43,0,1008
698,karger_improved,43,12,22
698,karger,43,22,11
699,karger_recursive,69,0,6624
699,karger_improved,69,8,44
699,karger,69,32,22
700,karger_recursive,107,3,8112
700,karger_improved,107,3,48
700,karger,107,42,24
701,karger_recursive,3,0,8
701,karger_improved,3,2,2
701,karger,3,2,1
702,karger_recursive,97,0,4400
702,karger_improved,97,45,38
702,karger,97,17,19
703,karger_recursive,74,0,1920
703,karger_improved,74,25,28
703,karger,74,38,14
704,karger_recursive,147,7,8112
704,karger_improved,147,10,48
704,karger,147,68,24
705,karger_recursive,129,4,11340
705,karger_improved,129,26,54
705,karger,129,7,27
706,karger_recursive,185,0,4400
706,karger_improved,185,62,38
706,karger,185,18,19
707,karger_recursive,2,0,8
707,karger_improved,2,1,2
707,karger,2,1,1
708,karger_recursive,6,0,48
708,karger_improved,6,2,6
708,karger,6,2,3
709,karger_recursive,60,0,1008
709,karger_improved,60,7,22
709,karger,60,31,11
710,karger_recursive,58,0,1008
710,karger_improved,58,19,22
710,karger,58,28,11
711,karger_recursive,94,4,8112
711,karger_improved,94,4,48
711,karger,94,12,24
712,karger_recursive,4,0,128
712,karger_improved,4,0,8
712,karger,4,0,4
713,karger_recursive,5,0,24
713,karger_improved,5,2,4
713,karger,5,3,2
714,karger_recursive,0,-1,0
714,karger_improved,0,0,0
714,karger,0,0,0
715,karger_recursive,352,19,12600
715,karger_improved,352,45,56
715,karger,352,45,28
716,karger_recursive,31,6,280
716,karger_improved,31,10,14
716,karger,31,14,7
717,karger_recursive,329,22,9100
717,karger_improved,329,24,50
717,karger,329,141,25
718,karger_recursive,28,5,280
718,karger_improved,28,5,14
718,karger,28,14,7
719,karger_recursive,7,0,192
719,karger_improved,7,0,12
719,karger,7,0,6
720,karger_recursive,79,0,3240
720,karger_improved,79,4,34
720,karger,79,37,17
721,karger_recursive,145,0,2754
721,karger_improved,145,16,32
721,karger,145,70,16
722,karger_recursive,134,5,8112
722,karger_improved,134,9,48
722,karger,134,22,24
723,karger_recursive,296,17,10192
723,karger_improved,296,73,52
723,karger,296,158,26
724,karger_recursive,179,0,5808
724,karger_improved,179,54,42
724,karger,179,74,21
725,karger_recursive,0,-1,0
725,karger_improved,0,0,0
725,karger,0,0,0
726,karger_recursive,77,0,3800
726,karger_improved,77,9,36
726,karger,77,4,18
727,karger_recursive,28,0,1274
727,karger_improved,28,2,24
727,karger,28,2,12
728,karger_recursive,272,14,10192
728,karger_improved,272,112,52
728,karger,272,21,26
729,karger_recursive,1,0,8
729,karger_improved,1,0,2
729,karger,1,0,1
730,karger_recursive,106,0,2754
730,karger_improved,106,11,32
730,karger,106,37,16
731,karger_recursive,70,0,1008
731,karger_improved,70,9,22
731,karger,70,35,11
732,karger_recursive,13,0,2640
732,karger_improved,13,0,24
732,karger,13,0,12
733,karger_recursive,0,0,0
733,karger_improved,0,0,0
733,karger,0,0,0
734,karger_recursive,36,8,280
734,karger_improved,36,18,14
734,karger,36,20,7
735,karger_recursive,145,6,11340
735,karger_improved,145,8,54
735,karger,145,19,27
736,karger_recursive,15,0,90
736,karger_improved,15,8,8
736,karger,15,8,4
737,karger_recursive,116,0,5808
737,karger_improved,116,38,42
737,karger,116,50,21
738,karger_recursive,26,0,9900
738,karger_improved,26,0,44
738,karger,26,0,22
739,karger_recursive,65,0,3800
739,karger_improved,65,11,36
739,karger,65,24,18
740,karger_recursive,30,0,8112
740,karger_improved,30,0,48
740,karger,30,0,24
741,karger_recursive,0,0,0
741,karger_improved,0,0,0
741,karger,0,0,0
742,karger_recursive,80,0,2754
742,karger_improved,80,11,32
742,karger,80,7,16
743,karger_recursive,238,0,5808
743,karger_improved,238,21,42
743,karger,238,104,21
744,karger_recursive,243,15,7176
744,karger_improved,243,36,46
744,karger,243,127,23
745,karger_recursive,77,0,1274
745,karger_improved,77,12,24
745,karger,77,10,12
746,karger_recursive,18,5,120
746,karger_improved,18,5,10
746,karger,18,5,5
747,karger_recursive,1,1,0
747,karger_improved,1,1,0
747,karger,1,1,0
748,karger_recursive,53,0,1568
748,karger_improved,53,4,26
748,karger,53,12,13
749,karger_recursive,107,0,3240
749,karger_improved,107,12,34
749,karger,107,45,17
750,karger_recursive,53,0,1568
750,karger_improved,53,19,26
750,karger,53,23,13
751,karger_recursive,12,1,120
751,karger_improved,12,1,10
751,karger,12,3,5
752,karger_recursive,101,0,1920
752,karger_improved,101,22,28
752,karger,101,32,14
753,karger_recursive,0,-1,0
753,karger_improved,0,0,0
753,karger,0,0,0
754,karger_recursive,8,1,120
754,karger_improved,8,1,10
754,karger,8,1,5
755,karger_recursive,22,0,2160
755,karger_improved,22,0,30
755,karger,22,0,15
756,karger_recursive,114,0,3800
756,karger_improved,114,52,36
756,karger,114,31,18
757,karger_recursive,3,0,36
757,karger_improved,3,0,6
757,karger,3,0,3
758,karger_recursive,77,2,11340
758,karger_improved,77,2,54
758,karger,77,2,27
759,karger_recursive,0,0,0
759,karger_improved,0,0,0
759,karger,0,0,0
760,karger_recursive,46,0,600
760,karger_improved,46,22,18
760,karger,46,25,9
761,karger_recursive,134,0,3800
761,karger_improved,134,15,36
761,karger,134,72,18
762,karger_recursive,53,0,792
762,karger_improved,53,8,20
762,karger,53,18,10
763,karger_recursive,1,1,0
763,karger_improved,1,1,0
763,karger,1,1,0
764,karger_recursive,61,0,1920
764,karger_improved,61,3,28
764,karger,61,12,14
765,karger_recursive,212,9,11340
765,karger_improved,212,13,54
765,karger,212,78,27
766,karger_recursive,2,0,8
766,karger_improved,2,1,2
766,karger,2,1,1
767,karger_recursive,51,0,600
767,karger_improved,51,18,18
767,karger,51,23,9
768,karger_recursive,66,0,792
768,karger_improved,66,35,20
768,karger,66,32,10
769,karger_recursive,279,15,10192
769,karger_improved,279,88,52
769,karger,279,59,26
770,karger_recursive,51,0,4400
770,karger_improved,51,4,38
770,karger,51,16,19
771,karger_recursive,13,1,400
771,karger_improved,13,2,16
771,karger,13,3,8
772,karger_recursive,3,0,8
772,karger_improved,3,2,2
772,karger,3,2,1
773,karger_recursive,196,10,7176
773,karger_improved,196,29,46
773,karger,196,101,23
774,karger_recursive,47,0,600
774,karger_improved,47,21,18
774,karger,47,16,9
775,karger_recursive,0,-1,0
775,karger_improved,0,0,0
775,karger,0,0,0
776,karger_recursive,0,0,0
776,karger_improved,0,0,0
776,karger,0,0,0
777,karger_recursive,0,0,0
777,karger_improved,0,0,0
777,karger,0,0,0
778,karger_recursive,60,0,3800
778,karger_improved,60,17,36
778,karger,60,1,18
779,karger_recursive,52,0,4840
779,karger_improved,52,0,40
779,karger,52,0,20
780,karger_recursive,6,0,300
780,karger_improved,6,0,12
780,karger,6,0,6
781,karger_recursive,76,2,12600
781,karger_improved,76,2,56
781,karger,76,2,28
782,karger_recursive,131,0,3240
782,karger_improved,131,13,34
782,karger,131,12,17
783,karger_recursive,29,4,400
783,karger_improved,29,6,16
783,karger,29,8,8
784,karger_recursive,38,0,1008
784,karger_improved,38,4,22
784,karger,38,18,11
785,karger_recursive,11,0,1232
785,karger_improved,11,0,22
785,karger,11,0,11
786,karger_recursive,16,0,1008
786,karger_improved,16,2,22
786,karger,16,2,11
787,karger_recursive,240,12,10192
787,karger_improved,240,97,52
787,karger,240,17,26
788,karger_recursive,145,0,3240
788,karger_improved,145,28,34
788,karger,145,75,17
789,karger_recursive,144,0,3240
789,karger_improved,144,48,34
789,karger,144,51,17
790,karger_recursive,43,0,600
790,karger_improved,43,7,18
790,karger,43,22,9
791,karger_recursive,48,0,1274
791,karger_improved,48,6,24
791,karger,48,23,12
792,karger_recursive,75,0,3800
792,karger_improved,75,6,36
792,karger,75,33,18
793,karger_recursive,6,0,200
793,karger_improved,6,0,10
793,karger,6,0,5
794,karger_recursive,84,3,11340
794,karger_improved,84,23,54
794,karger,84,8,27
795,karger_recursive,369,19,12600
795,karger_improved,369,85,56
795,karger,369,88,28
796,karger_recursive,430,27,12600
796,karger_improved,430,79,56
796,karger,430,102,28
797,karger_recursive,15,3,192
797,karger_improved,15,6,12
797,karger,15,8,6
798,karger_recursive,0,0,0
798,karger_improved,0,0,0
798,karger,0,0,0
799,karger_recursive,103,0,3800
799,karger_improved,103,41,36
799,karger,103,39,18
800,karger_recursive,230,0,5082
800,karger_improved,230,21,40
800,karger,230,84,20
801,karger_recursive,17,0,2520
801,karger_improved,17,0,28
801,karger,17,0,14
802,karger_recursive,211,9,8112
802,karger_improved,211,36,48
802,karger,211,49,24
803,karger_recursive,138,7,9100
803,karger_improved,138,46,50
803,karger,138,9,25
804,karger_recursive,89,0,6624
804,karger_improved,89,6,44
804,karger,89,41,22
805,karger_recursive,57,0,3800
805,karger_improved,57,7,36
805,karger,57,5,18
806,karger_recursive,11,1,192
806,karger_improved,11,1,12
806,karger,11,3,6
807,karger_recursive,11,1,192
807,karger_improved,11,2,12
807,karger,11,2,6
808,karger_recursive,53,0,600
808,karger_improved,53,10,18
808,karger,53,23,9
809,karger_recursive,2,0,80
809,karger_improved,2,0,4
809,karger,2,0,2
810,karger_recursive,85,0,5082
810,karger_improved,85,20,40
810,karger,85,46,20
811,karger_recursive,0,0,0
811,karger_improved,0,0,0
811,karger,0,0,0
812,karger_recursive,105,3,11340
812,karger_improved,105,3,54
812,karger,105,29,27
813,karger_recursive,30,0,600
813,karger_improved,30,3,18
813,karger,30,9,9
814,karger_recursive,151,6,9100
814,karger_improved,151,11,50
814,karger,151,7,25
815,karger_recursive,43,0,1568
815,karger_improved,43,15,26
815,karger,43,16,13
816,karger_recursive,81,0,5082
816,karger_improved,81,25,40
816,karger,81,26,20
817,karger_recursive,29,0,8372
817,karger_improved,29,0,46
817,karger,29,0,23
818,karger_recursive,37,0,4400
818,karger_improved,37,1,38
818,karger,37,1,19
819,karger_recursive,158,0,3800
819,karger_improved,158,32,36
819,karger,158,16,18
820,karger_recursive,125,0,3800
820,karger_improved,125,38,36
820,karger,125,31,18
821,karger_recursive,98,3,11340
821,karger_improved,98,14,54
821,karger,98,9,27
822,karger_recursive,5,0,200
822,karger_improved,5,0,10
822,karger,5,0,5
823,karger_recursive,249,12,11340
823,karger_improved,249,115,54
823,karger,249,19,27
824,karger_recursive,0,0,0
824,karger_improved,0,0,0
824,karger,0,0,0
825,karger_recursive,91,0,1274
825,karger_improved,91,13,24
825,karger,91,45,12
826,karger_recursive,27,3,280
826,karger_improved,27,15,14
826,karger,27,15,7
827,karger_recursive,54,0,1008
827,karger_improved,54,9,22
827,karger,54,18,11
828,karger_recursive,16,4,120
828,karger_improved,16,4,10
828,karger,16,5,5
829,karger_recursive,25,0,9900
829,karger_improved,25,0,44
829,karger,25,0,22
830,karger_recursive,10,0,840
830,karger_improved,10,0,20
830,karger,10,0,10
831,karger_recursive,139,0,6624
831,karger_improved,139,35,44
831,karger,139,55,22
832,karger_recursive,14,0,1078
832,karger_improved,14,0,22
832,karger,14,0,11
833,karger_recursive,24,1,400
833,karger_improved,24,10,16
833,karger,24,12,8
834,karger_recursive,17,0,3960
834,karger_improved,17,0,30
834,karger,17,0,15
835,karger_recursive,129,0,3240
835,karger_improved,129,20,34
835,karger,129,38,17
836,karger_recursive,316,16,12600
836,karger_improved,316,42,56
836,karger,316,165,28
837,karger_recursive,181,6,7176
837,karger_improved,181,39,46
837,karger,181,38,23
838,karger_recursive,11,0,672
838,karger_improved,11,0,16
838,karger,11,0,8
839,karger_recursive,68,0,2754
839,karger_improved,68,13,32
839,karger,68,33,16
840,karger_recursive,30,0,1274
840,karger_improved,30,4,24
840,karger,30,13,12
841,karger_recursive,71,0,1568
841,karger_improved,71,23,26
841,karger,71,24,13
842,karger_recursive,10,0,756
842,karger_improved,10,0,18
842,karger,10,0,9
843,karger_recursive,195,9,9100
843,karger_improved,195,17,50
843,karger,195,12,25
844,karger_recursive,82,0,1274
844,karger_improved,82,10,24
844,karger,82,12,12
845,karger_recursive,13,0,1536
845,karger_improved,13,0,24
845,karger,13,0,12
846,karger_recursive,61,0,6624
846,karger_improved,61,6,44
846,karger,61,17,22
847,karger_recursive,2,0,168
847,karger_improved,2,0,4
847,karger,2,0,2
848,karger_recursive,19,4,192
848,karger_improved,19,4,12
848,karger,19,4,6
849,karger_recursive,318,19,10192
849,karger_improved,318,21,52
849,karger,318,160,26
850,karger_recursive,0,0,0
850,karger_improved,0,0,0
850,karger,0,0,0
851,karger_recursive,7,0,48
851,karger_improved,7,2,6
851,karger,7,3,3
852,karger_recursive,27,0,1792
852,karger_improved,27,0,28
852,karger,27,0,14
853,karger_recursive,114,0,6624
853,karger_improved,114,26,44
853,karger,114,47,22
854,karger_recursive,131,0,5808
854,karger_improved,131,9,42
854,karger,131,47,21
855,karger_recursive,131,0,2754
855,karger_improved,131,57,32
855,karger,131,26,16
856,karger_recursive,43,0,8112
856,karger_improved,43,0,48
856,karger,43,0,24
857,karger_recursive,12,1,192
857,karger_improved,12,2,12
857,karger,12,3,6
858,karger_recursive,14,3,120
858,karger_improved,14,5,10
858,karger,14,6,5
859,karger_recursive,34,0,1274
859,karger_improved,34,3,24
859,karger,34,9,12
860,karger_recursive,1,0,40
860,karger_improved,1,0,2
860,karger,1,0,1
861,karger_recursive,132,0,6624
861,karger_improved,132,52,44
861,karger,132,54,22
862,karger_recursive,47,0,1920
862,karger_improved,47,18,28
862,karger,47,20,14
863,karger_recursive,159,0,5082
863,karger_improved,159,15,40
863,karger,159,28,20
864,karger_recursive,6,0,1200
864,karger_improved,6,0,12
864,karger,6,0,6
865,karger_recursive,65,0,792
865,karger_improved,65,26,20
865,karger,65,10,10
866,karger_recursive,38,0,1008
866,karger_improved,38,6,22
866,karger,38,9,11
867,karger_recursive,26,4,280
867,karger_improved,26,4,14
867,karger,26,5,7
868,karger_recursive,1,0,72
868,karger_improved,1,0,2
868,karger,1,0,1
869,karger_recursive,18,4,120
869,karger_improved,18,10,10
869,karger,18,8,5
870,karger_recursive,16,0,600
870,karger_improved,16,2,18
870,karger,16,3,9
871,karger_recursive,118,0,3800
871,karger_improved,118,42,36
871,karger,118,58,18
872,karger_recursive,21,6,120
872,karger_improved,21,6,10
872,karger,21,12,5
873,karger_recursive,1,0,4
873,karger_improved,1,0,2
873,karger,1,0,1
874,karger_recursive,253,13,10192
874,karger_improved,253,120,52
874,karger,253,137,26
875,karger_recursive,80,0,1568
875,karger_improved,80,40,26
875,karger,80,12,13
876,karger_recursive,27,4,280
876,karger_improved,27,13,14
876,karger,27,16,7
877,karger_recursive,287,19,9100
877,karger_improved,287,73,50
877,karger,287,105,25
878,karger_recursive,11,0,3168
878,karger_improved,11,0,22
878,karger,11,0,11
879,karger_recursive,23,0,1568
879,karger_improved,23,8,26
879,karger,23,1,13
880,karger_recursive,0,-1,0
880,karger_improved,0,0,0
880,karger,0,0,0
881,karger_recursive,81,0,4400
881,karger_improved,81,29,38
881,karger,81,43,19
882,karger_recursive,45,9,400
882,karger_improved,45,16,16
882,karger,45,21,8
883,karger_recursive,37,0,10192
883,karger_improved,37,0,52
883,karger,37,0,26
884,karger_recursive,6,0,24
884,karger_improved,6,3,4
884,karger,6,3,2
885,karger_recursive,8,0,90
885,karger_improved,8,2,8
885,karger,8,3,4
886,karger_recursive,11,0,90
886,karger_improved,11,4,8
886,karger,11,6,4
887,karger_recursive,135,0,5808
887,karger_improved,135,47,42
887,karger,135,60,21
888,karger_recursive,37,0,3600
888,karger_improved,37,0,36
888,karger,37,0,18
889,karger_recursive,295,17,11340
889,karger_improved,295,75,54
889,karger,295,83,27
890,karger_recursive,192,9,8112
890,karger_improved,192,13,48
890,karger,192,26,24
891,karger_recursive,49,0,1008
891,karger_improved,49,15,22
891,karger,49,8,11
892,karger_recursive,2,0,16
892,karger_improved,2,0,4
892,karger,2,0,2
893,karger_recursive,10,0,1620
893,karger_improved,10,0,20
893,karger,10,0,10
894,karger_recursive,126,0,3800
894,karger_improved,126,13,36
894,karger,126,40,18
895,karger_recursive,8,1,120
895,karger_improved,8,2,10
895,karger,8,3,5
896,karger_recursive,1,0,4
896,karger_improved,1,0,2
896,karger,1,0,1
897,karger_recursive,46,0,1008
897,karger_improved,46,7,22
897,karger,46,28,11
898,karger_recursive,155,8,7176
898,karger_improved,155,22,46
898,karger,155,68,23
899,karger_recursive,0,-1,0
899,karger_improved,0,0,0
899,karger,0,0,0
900,karger_recursive,199,6,11340
900,karger_improved,199,58,54
900,karger,199,94,27
901,karger_recursive,7,0,420
901,karger_improved,7,0,14
901,karger,7,0,7
902,karger_recursive,46,0,1274
902,karger_improved,46,8,24
902,karger,46,25,12
903,karger_recursive,157,6,12600
903,karger_improved,157,13,56
903,karger,157,9,28
904,karger_recursive,14,0,1584
904,karger_improved,14,0,22
904,karger,14,0,11
905,karger_recursive,63,0,1920
905,karger_improved,63,12,28
905,karger,63,14,14
906,karger_recursive,129,0,2304
906,karger_improved,129,36,30
906,karger,129,57,15
907,karger_recursive,45,0,600
907,karger_improved,45,8,18
907,karger,45,22,9
908,karger_recursive,20,5,120
908,karger_improved,20,6,10
908,karger,20,5,5
909,karger_recursive,3,0,8
909,karger_improved,3,2,2
909,karger,3,2,1
910,karger_recursive,13,0,540
910,karger_improved,13,0,18
910,karger,13,0,9
911,karger_recursive,7,0,90
911,karger_improved,7,1,8
911,karger,7,3,4
912,karger_recursive,1,1,0
912,karger_improved,1,1,0
912,karger,1,1,0
913,karger_recursive,91,0,2304
913,karger_improved,91,27,30
913,karger,91,9,15
914,karger_recursive,0,-1,0
914,karger_improved,0,0,0
914,karger,0,0,0
915,karger_recursive,148,0,3800
915,karger_improved,148,50,36
915,karger,148,83,18
916,karger_recursive,119,0,2304
916,karger_improved,119,54,30
916,karger,119,52,15
917,karger_recursive,5,0,96
917,karger_improved,5,0,8
917,karger,5,0,4
918,karger_recursive,78,0,2304
918,karger_improved,78,22,30
918,karger,78,8,15
919,karger_recursive,14,0,1344
919,karger_improved,14,0,24
919,karger,14,0,12
920,karger_recursive,271,0,6624
920,karger_improved,271,22,44
920,karger,271,118,22
921,karger_recursive,160,0,3800
921,karger_improved,160,63,36
921,karger,160,82,18
922,karger_recursive,117,0,1920
922,karger_improved,117,47,28
922,karger,117,63,14
923,karger_recursive,8,0,576
923,karger_improved,8,0,16
923,karger,8,0,8
924,karger_recursive,44,0,1008
924,karger_improved,44,21,22
924,karger,44,7,11
925,karger_recursive,14,0,90
925,karger_improved,14,5,8
925,karger,14,8,4
926,karger_recursive,39,6,400
926,karger_improved,39,20,16
926,karger,39,14,8
927,karger_recursive,8,0,48
927,karger_improved,8,4,6
927,karger,8,4,3
928,karger_recursive,20,5,120
928,karger_improved,20,10,10
928,karger,20,6,5
929,karger_recursive,115,0,5082
929,karger_improved,115,52,40
929,karger,115,34,20
930,karger_recursive,26,0,3060
930,karger_improved,26,0,34
930,karger,26,0,17
931,karger_recursive,15,0,90
931,karger_improved,15,5,8
931,karger,15,5,4
932,karger_recursive,15,0,90
932,karger_improved,15,5,8
932,karger,15,8,4
933,karger_recursive,208,0,4400
933,karger_improved,208,38,38
933,karger,208,54,19
934,karger_recursive,320,20,9100
934,karger_improved,320,104,50
934,karger,320,154,25
935,karger_recursive,10,2,120
935,karger_improved,10,2,10
935,karger,10,2,5
936,karger_recursive,123,0,5082
936,karger_improved,123,53,40
936,karger,123,18,20
937,karger_recursive,25,0,3200
937,karger_improved,25,0,32
937,karger,25,0,16
938,karger_recursive,106,6,7176
938,karger_improved,106,25,46
938,karger,106,49,23
939,karger_recursive,185,0,3800
939,karger_improved,185,87,36
939,karger,185,17,18
940,karger_recursive,45,9,400
940,karger_improved,45,9,16
940,karger,45,9,8
941,karger_recursive,6,0,432
941,karger_improved,6,0,12
941,karger,6,0,6
942,karger_recursive,60,0,12600
942,karger_improved,60,0,56
942,karger,60,0,28
943,karger_recursive,26,0,1008
943,karger_improved,26,1,22
943,karger,26,2,11
944,karger_recursive,13,0,2904
944,karger_improved,13,0,24
944,karger,13,0,12
945,karger_recursive,6,0,48
945,karger_improved,6,1,6
945,karger,6,3,3
946,karger_recursive,57,0,1568
946,karger_improved,57,23,26
946,karger,57,6,13
947,karger_recursive,148,5,10192
947,karger_improved,148,49,52
947,karger,148,68,26
948,karger_recursive,124,5,7176
948,karger_improved,124,54,46
948,karger,124,63,23
949,karger_recursive,63,0,792
949,karger_improved,63,26,20
949,karger,63,25,10
950,karger_recursive,316,22,8112
950,karger_improved,316,47,48
950,karger,316,162,24
951,karger_recursive,220,10,10192
951,karger_improved,220,76,52
951,karger,220,111,26
952,karger_recursive,8,0,400
952,karger_improved,8,0,16
952,karger,8,0,8
953,karger_recursive,3,0,16
953,karger_improved,3,0,4
953,karger,3,0,2
954,karger_recursive,116,0,2304
954,karger_improved,116,35,30
954,karger,116,14,15
955,karger_recursive,1,1,0
955,karger_improved,1,1,0
955,karger,1,1,0
956,karger_recursive,96,3,7176
956,karger_improved,96,12,46
956,karger,96,33,23
957,karger_recursive,63,0,1568
957,karger_improved,63,7,26
957,karger,63,35,13
958,karger_recursive,6,0,24
958,karger_improved,6,3,4
958,karger,6,3,2
959,karger_recursive,5,0,24
959,karger_improved,5,2,4
959,karger,5,2,2
960,karger_recursive,4,0,96
960,karger_improved,4,0,8
960,karger,4,0,4
961,karger_recursive,188,0,5808
961,karger_improved,188,15,42
961,karger,188,98,21
962,karger_recursive,13,0,90
962,karger_improved,13,6,8
962,karger,13,6,4
963,karger_recursive,15,0,90
963,karger_improved,15,5,8
963,karger,15,8,4
964,karger_recursive,7,0,120
964,karger_improved,7,0,10
964,karger,7,0,5
965,karger_recursive,67,0,6624
965,karger_improved,67,4,44
965,karger,67,26,22
966,karger_recursive,27,6,192
966,karger_improved,27,7,12
966,karger,27,7,6
967,karger_recursive,2,0,400
967,karger_improved,2,0,4
967,karger,2,0,2
968,karger_recursive,185,0,5808
968,karger_improved,185,41,42
968,karger,185,82,21
969,karger_recursive,6,0,250
969,karger_improved,6,0,10
969,karger,6,0,5
970,karger_recursive,162,6,11340
970,karger_improved,162,70,54
970,karger,162,64,27
971,karger_recursive,206,0,4400
971,karger_improved,206,18,38
971,karger,206,108,19
972,karger_recursive,133,0,5808
972,karger_improved,133,53,42
972,karger,133,24,21
973,karger_recursive,62,0,1008
973,karger_improved,62,26,22
973,karger,62,22,11
974,karger_recursive,117,0,6624
974,karger_improved,117,39,44
974,karger,117,55,22
975,karger_recursive,0,0,0
975,karger_improved,0,0,0
975,karger,0,0,0
976,karger_recursive,1,1,0
976,karger_improved,1,1,0
976,karger,1,1,0
977,karger_recursive,43,0,600
977,karger_improved,43,12,18
977,karger,43,21,9
978,karger_recursive,18,0,2016
978,karger_improved,18,0,28
978,karger,18,0,14
979,karger_recursive,71,0,2304
979,karger_improved,71,24,30
979,karger,71,20,15
980,karger_recursive,35,0,1568
980,karger_improved,35,2,26
980,karger,35,4,13
981,karger_recursive,55,0,1008
981,karger_improved,55,16,22
981,karger,55,30,11
982,karger_recursive,0,-1,0
982,karger_improved,0,0,0
982,karger,0,0,0
983,karger_recursive,46,0,2304
983,karger_improved,46,15,30
983,karger,46,18,15
984,karger_recursive,200,10,10192
984,karger_improved,200,42,52
984,karger,200,96,26
985,karger_recursive,243,0,6624
985,karger_improved,243,55,44
985,karger,243,79,22
986,karger_recursive,100,0,2754
986,karger_improved,100,33,32
986,karger,100,49,16
987,karger_recursive,3,0,216
987,karger_improved,3,0,6
987,karger,3,0,3
988,karger_recursive,39,0,4400
988,karger_improved,39,2,38
988,karger,39,12,19
989,karger_recursive,18,0,2592
989,karger_improved,18,0,32
989,karger,18,0,16
990,karger_recursive,1,0,4
990,karger_improved,1,0,2
990,karger,1,0,1
991,karger_recursive,50,0,1568
991,karger_improved,50,14,26
991,karger,50,9,13
992,karger_recursive,20,0,1920
992,karger_improved,20,3,28
992,karger,20,4,14
993,karger_recursive,0,-1,0
993,karger_improved,0,0,0
993,karger,0,0,0
994,karger_recursive,15,0,480
994,karger_improved,15,0,16
994,karger,15,0,8
995,karger_recursive,61,0,792
995,karger_improved,61,18,20
995,karger,61,34,10
996,karger_recursive,0,0,0
996,karger_improved,0,0,0
996,karger,0,0,0
997,karger_recursive,34,0,792
997,karger_improved,34,3,20
997,karger,34,17,10
998,karger_recursive,12,0,90
998,karger_improved,12,2,8
998,karger,12,5,4
999,karger_recursive,35,5,400
999,karger_improved,35,5,16
999,karger,35,18,8
1000,karger_recursive,79,0,1274
1000,karger_improved,79,11,24
1000,karger,79,12,12
